Workbook

Sheet Database
B3: Season | C3: Transfers incoming (T.I.) | D3: T.I. Continent | E3: Transfers outgoing (T.O.) | F3: T.O. Continent | G3: Number of transfers | H3: Total club-to-club compensation
B4: 2021/2022 | C4: Albania | D4: =VLOOKUP(C4,Countries!$B$3:$C$140,2,FALSE) -> Europe | E4: Austria | F4: =VLOOKUP(E4,Countries!$B$3:$C$140,2,FALSE) -> Europe | G4: 2 | H4: 0
B5: 2021/2022 | C5: Albania | D5: =VLOOKUP(C5,Countries!$B$3:$C$140,2,FALSE) -> Europe | E5: Azerbaijan | F5: =VLOOKUP(E5,Countries!$B$3:$C$140,2,FALSE) -> Asia | G5: 2 | H5: 0
B6: 2021/2022 | C6: Albania | D6: =VLOOKUP(C6,Countries!$B$3:$C$140,2,FALSE) -> Europe | E6: Bahrain | F6: =VLOOKUP(E6,Countries!$B$3:$C$140,2,FALSE) -> Asia | G6: 2 | H6: 0
B7: 2021/2022 | C7: Albania | D7: =VLOOKUP(C7,Countries!$B$3:$C$140,2,FALSE) -> Europe | E7: Bosnia-Herzegovina | F7: =VLOOKUP(E7,Countries!$B$3:$C$140,2,FALSE) -> Europe | G7: 4 | H7: 0
B8: 2021/2022 | C8: Albania | D8: =VLOOKUP(C8,Countries!$B$3:$C$140,2,FALSE) -> Europe | E8: Brazil | F8: =VLOOKUP(E8,Countries!$B$3:$C$140,2,FALSE) -> South America | G8: 10 | H8: 0
B9: 2021/2022 | C9: Albania | D9: =VLOOKUP(C9,Countries!$B$3:$C$140,2,FALSE) -> Europe | E9: Canada | F9: =VLOOKUP(E9,Countries!$B$3:$C$140,2,FALSE) -> North America | G9: 2 | H9: 0
B10: 2021/2022 | C10: Albania | D10: =VLOOKUP(C10,Countries!$B$3:$C$140,2,FALSE) -> Europe | E10: Croatia | F10: =VLOOKUP(E10,Countries!$B$3:$C$140,2,FALSE) -> Europe | G10: 6 | H10: 0
B11: 2021/2022 | C11: Albania | D11: =VLOOKUP(C11,Countries!$B$3:$C$140,2,FALSE) -> Europe | E11: Denmark | F11: =VLOOKUP(E11,Countries!$B$3:$C$140,2,FALSE) -> Europe | G11: 2 | H11: 0
B12: 2021/2022 | C12: Albania | D12: =VLOOKUP(C12,Countries!$B$3:$C$140,2,FALSE) -> Europe | E12: Spain | F12: =VLOOKUP(E12,Countries!$B$3:$C$140,2,FALSE) -> Europe | G12: 4 | H12: 0
B13: 2021/2022 | C13: Albania | D13: =VLOOKUP(C13,Countries!$B$3:$C$140,2,FALSE) -> Europe | E13: France | F13: =VLOOKUP(E13,Countries!$B$3:$C$140,2,FALSE) -> Europe | G13: 2 | H13: 0
B14: 2021/2022 | C14: Albania | D14: =VLOOKUP(C14,Countries!$B$3:$C$140,2,FALSE) -> Europe | E14: Germany | F14: =VLOOKUP(E14,Countries!$B$3:$C$140,2,FALSE) -> Europe | G14: 4 | H14: 0
B15: 2021/2022 | C15: Albania | D15: =VLOOKUP(C15,Countries!$B$3:$C$140,2,FALSE) -> Europe | E15: Greece | F15: =VLOOKUP(E15,Countries!$B$3:$C$140,2,FALSE) -> Europe | G15: 16 | H15: 0
... B3352: 2022/2023 | C3352: Wales | D3352: =VLOOKUP(C3352,Countries!$B$3:$C$140,2,FALSE) -> Europe | E3352: Slovenia | F3352: =VLOOKUP(E3352,Countries!$B$3:$C$140,2,FALSE) -> Europe | G3352: 2 | H3352: 8071661.9

Sheet Countries
B2: Countries | C2: Continents | E2: List of Continents
B3: Albania | C3: Europe | E3: Europe
B4: Algeria | C4: Africa | E4: Asia
B5: Angola | C5: Africa | E5: Europe/Asia
B6: Argentina | C6: South America | E6: South America
B7: Armenia | C7: Asia | E7: North America
B8: Australia | C8: Oceania | E8: Africa
B9: Austria | C9: Europe | E9: Oceania
B10: Azerbaijan | C10: Asia
B11: Bahrain | C11: Asia
B12: Belarus | C12: Europe
B13: Belgium | C13: Europe
B14: Benin | C14: Africa
B15: Bermuda | C15: North America
B16: Bolivia | C16: South America
B17: Bosnia-Herzegovina | C17: Europe
B18: Brazil | C18: South America
B19: Bulgaria | C19: Europe
B20: Burkina Faso | C20: Africa
B21: Cameroon | C21: Africa
... B140: Zimbabwe | C140: Africa

Sheet European Transfers
B4: Analyze European Transfers
B5: Season | C5: 2021/2022 | D5: 2022/2023
B6: # of transfers | C6: Europe | D6: Europe
B7: Transfers incoming | C7: =+SUMIFS(Table1[Number of transfers],Table1[T.I. Continent],C6,Table1[Season],C5) -> 10744 | D7: =+SUMIFS(Table1[Number of transfers],Table1[T.I. Continent],$D$6,Table1[Season],$D$5) -> 11148
B8: Transfers outgoing | C8: =-SUMIFS(Table1[Number of transfers],Table1[T.O. Continent],C6,Table1[Season],C5) -> -9034 | D8: =-SUMIFS(Table1[Number of transfers],Table1[T.O. Continent],D6,Table1[Season],D5) -> -9358
B9: Net transfers | C9: =C7+C8 -> 1710 | D9: =D7+D8 -> 1790

Sheet European Transfers by Country
B1: Analyze European Transfers by Country
C3: 2021/2022 | D3: 2021/2022 | E3: 2021/2022 | F3: 2021/2022 | G3: 2021/2022 | H3: 2021/2022 | I3: 2022/2023 | J3: 2022/2023 | K3: 2022/2023 | L3: 2022/2023 | M3: 2022/2023 | N3: 2022/2023
C4: Transfers incoming # | D4: Transfers outgoing # | E4: Net # of players | F4: Transfers incoming $ | G4: Transfers outgoing $ | H4: Net value | I4: Transfers incoming # | J4: Transfers outgoing # | K4: Net # of players | L4: Transfers incoming $ | M4: Transfers outgoing $ | N4: Net value
B5: Albania | C5: =SUMIFS(Table1[Number of transfers],Table1[Season],'European Transfers by Country'!$C$3,Table1[Transfers incoming (T.I.)],'European Transfers by Country'!B5) -> 166 | D5: =-SUMIFS(Table1[Number of transfers],Table1[Season],'European Transfers by Country'!$D$3,Table1[Transfers outgoing (T.O.)],'European Transfers by Country'!B5) -> -62 | E5: =SUM(C5:D5) -> 104 | F5: =SUMIFS(Table1[Total club-to-club compensation],Table1[Season],'European Transfers by Country'!$F$3,Table1[Transfers incoming (T.I.)],'European Transfers by Country'!B5) -> 393224.79 | G5: =-SUMIFS(Table1[Total club-to-club compensation],Table1[Season],'European Transfers by Country'!$G$3,Table1[Transfers outgoing (T.O.)],'European Transfers by Country'!B5) -> -403583.09 | H5: =SUM(F5:G5) -> -10358.309 | I5: =SUMIFS(Table1[Number of transfers],Table1[Season],'European Transfers by Country'!$I$3,Table1[Transfers incoming (T.I.)],'European Transfers by Country'!B5) -> 202 | J5: =-SUMIFS(Table1[Number of transfers],Table1[Season],'European Transfers by Country'!$J$3,Table1[Transfers outgoing (T.O.)],'European Transfers by Country'!B5) -> -40 | K5: =SUM(I5:J5) -> 162 | L5: =SUMIFS(Table1[Total club-to-club compensation],Table1[Season],'European Transfers by Country'!$L$3,Table1[Transfers incoming (T.I.)],'European Transfers by Country'!B5) -> 0 | M5: =-SUMIFS(Table1[Total club-to-club compensation],Table1[Season],'European Transfers by Country'!$M$3,Table1[Transfers outgoing (T.O.)],'European Transfers by Country'!B5) -> -1210749.3 | N5: =SUM(L5:M5) -> -1210749.3
B6: Austria | C6: =SUMIFS(Table1[Number of transfers],Table1[Season],'European Transfers by Country'!$C$3,Table1[Transfers incoming (T.I.)],'European Transfers by Country'!B6) -> 160 | D6: =-SUMIFS(Table1[Number of transfers],Table1[Season],'European Transfers by Country'!$D$3,Table1[Transfers outgoing (T.O.)],'European Transfers by Country'!B6) -> -152 | E6: =SUM(C6:D6) -> 8 | F6: =SUMIFS(Table1[Total club-to-club compensation],Table1[Season],'European Transfers by Country'!$F$3,Table1[Transfers incoming (T.I.)],'European Transfers by Country'!B6) -> 16506549 | G6: =-SUMIFS(Table1[Total club-to-club compensation],Table1[Season],'European Transfers by Country'!$G$3,Table1[Transfers outgoing (T.O.)],'European Transfers by Country'!B6) -> -49872781 | H6: =SUM(F6:G6) -> -33366232 | I6: =SUMIFS(Table1[Number of transfers],Table1[Season],'European Transfers by Country'!$I$3,Table1[Transfers incoming (T.I.)],'European Transfers by Country'!B6) -> 142 | J6: =-SUMIFS(Table1[Number of transfers],Table1[Season],'European Transfers by Country'!$J$3,Table1[Transfers outgoing (T.O.)],'European Transfers by Country'!B6) -> -184 | K6: =SUM(I6:J6) -> -42 | L6: =SUMIFS(Table1[Total club-to-club compensation],Table1[Season],'European Transfers by Country'!$L$3,Table1[Transfers incoming (T.I.)],'European Transfers by Country'!B6) -> 87246777 | M6: =-SUMIFS(Table1[Total club-to-club compensation],Table1[Season],'European Transfers by Country'!$M$3,Table1[Transfers outgoing (T.O.)],'European Transfers by Country'!B6) -> -41478970 | N6: =SUM(L6:M6) -> 45767806
B7: Belarus | C7: =SUMIFS(Table1[Number of transfers],Table1[Season],'European Transfers by Country'!$C$3,Table1[Transfers incoming (T.I.)],'European Transfers by Country'!B7) -> 126 | D7: =-SUMIFS(Table1[Number of transfers],Table1[Season],'European Transfers by Country'!$D$3,Table1[Transfers outgoing (T.O.)],'European Transfers by Country'!B7) -> -88 | E7: =SUM(C7:D7) -> 38 | F7: =SUMIFS(Table1[Total club-to-club compensation],Table1[Season],'European Transfers by Country'!$F$3,Table1[Transfers incoming (T.I.)],'European Transfers by Country'!B7) -> 4972182.5 | G7: =-SUMIFS(Table1[Total club-to-club compensation],Table1[Season],'European Transfers by Country'!$G$3,Table1[Transfers outgoing (T.O.)],'European Transfers by Country'!B7) -> -20428443 | H7: =SUM(F7:G7) -> -15456260 | I7: =SUMIFS(Table1[Number of transfers],Table1[Season],'European Transfers by Country'!$I$3,Table1[Transfers incoming (T.I.)],'European Transfers by Country'!B7) -> 180 | J7: =-SUMIFS(Table1[Number of transfers],Table1[Season],'European Transfers by Country'!$J$3,Table1[Transfers outgoing (T.O.)],'European Transfers by Country'!B7) -> -100 | K7: =SUM(I7:J7) -> 80 | L7: =SUMIFS(Table1[Total club-to-club compensation],Table1[Season],'European Transfers by Country'!$L$3,Table1[Transfers incoming (T.I.)],'European Transfers by Country'!B7) -> 774598.55 | M7: =-SUMIFS(Table1[Total club-to-club compensation],Table1[Season],'European Transfers by Country'!$M$3,Table1[Transfers outgoing (T.O.)],'European Transfers by Country'!B7) -> -16787360 | N7: =SUM(L7:M7) -> -16012762
B8: Belgium | C8: =SUMIFS(Table1[Number of transfers],Table1[Season],'European Transfers by Country'!$C$3,Table1[Transfers incoming (T.I.)],'European Transfers by Country'!B8) -> 486 | D8: =-SUMIFS(Table1[Number of transfers],Table1[Season],'European Transfers by Country'!$D$3,Table1[Transfers outgoing (T.O.)],'European Transfers by Country'!B8) -> -316 | E8: =SUM(C8:D8) -> 170 | F8: =SUMIFS(Table1[Total club-to-club compensation],Table1[Season],'European Transfers by Country'!$F$3,Table1[Transfers incoming (T.I.)],'European Transfers by Country'!B8) -> 1.2450142e+08 | G8: =-SUMIFS(Table1[Total club-to-club compensation],Table1[Season],'European Transfers by Country'!$G$3,Table1[Transfers outgoing (T.O.)],'European Transfers by Country'!B8) -> -3.8997169e+08 | H8: =SUM(F8:G8) -> -2.6547026e+08 | I8: =SUMIFS(Table1[Number of transfers],Table1[Season],'European Transfers by Country'!$I$3,Table1[Transfers incoming (T.I.)],'European Transfers by Country'!B8) -> 536 | J8: =-SUMIFS(Table1[Number of transfers],Table1[Season],'European Transfers by Country'!$J$3,Table1[Transfers outgoing (T.O.)],'European Transfers by Country'!B8) -> -376 | K8: =SUM(I8:J8) -> 160 | L8: =SUMIFS(Table1[Total club-to-club compensation],Table1[Season],'European Transfers by Country'!$L$3,Table1[Transfers incoming (T.I.)],'European Transfers by Country'!B8) -> 1.1457504e+08 | M8: =-SUMIFS(Table1[Total club-to-club compensation],Table1[Season],'European Transfers by Country'!$M$3,Table1[Transfers outgoing (T.O.)],'European Transfers by Country'!B8) -> -1.4481232e+08 | N8: =SUM(L8:M8) -> -30237278
B9: Bosnia-Herzegovina | C9: =SUMIFS(Table1[Number of transfers],Table1[Season],'European Transfers by Country'!$C$3,Table1[Transfers incoming (T.I.)],'European Transfers by Country'!B9) -> 126 | D9: =-SUMIFS(Table1[Number of transfers],Table1[Season],'European Transfers by Country'!$D$3,Table1[Transfers outgoing (T.O.)],'European Transfers by Country'!B9) -> -124 | E9: =SUM(C9:D9) -> 2 | F9: =SUMIFS(Table1[Total club-to-club compensation],Table1[Season],'European Transfers by Country'!$F$3,Table1[Transfers incoming (T.I.)],'European Transfers by Country'!B9) -> 0 | G9: =-SUMIFS(Table1[Total club-to-club compensation],Table1[Season],'European Transfers by Country'!$G$3,Table1[Transfers outgoing (T.O.)],'European Transfers by Country'!B9) -> -4839269.2 | H9: =SUM(F9:G9) -> -4839269.2 | I9: =SUMIFS(Table1[Number of transfers],Table1[Season],'European Transfers by Country'!$I$3,Table1[Transfers incoming (T.I.)],'European Transfers by Country'!B9) -> 170 | J9: =-SUMIFS(Table1[Number of transfers],Table1[Season],'European Transfers by Country'!$J$3,Table1[Transfers outgoing (T.O.)],'European Transfers by Country'!B9) -> -136 | K9: =SUM(I9:J9) -> 34 | L9: =SUMIFS(Table1[Total club-to-club compensation],Table1[Season],'European Transfers by Country'!$L$3,Table1[Transfers incoming (T.I.)],'European Transfers by Country'!B9) -> 23521.407 | M9: =-SUMIFS(Table1[Total club-to-club compensation],Table1[Season],'European Transfers by Country'!$M$3,Table1[Transfers outgoing (T.O.)],'European Transfers by Country'!B9) -> -1464233.4 | N9: =SUM(L9:M9) -> -1440712
B10: Bulgaria | C10: =SUMIFS(Table1[Number of transfers],Table1[Season],'European Transfers by Country'!$C$3,Table1[Transfers incoming (T.I.)],'European Transfers by Country'!B10) -> 248 | D10: =-SUMIFS(Table1[Number of transfers],Table1[Season],'European Transfers by Country'!$D$3,Table1[Transfers outgoing (T.O.)],'European Transfers by Country'!B10) -> -168 | E10: =SUM(C10:D10) -> 80 | F10: =SUMIFS(Table1[Total club-to-club compensation],Table1[Season],'European Transfers by Country'!$F$3,Table1[Transfers incoming (T.I.)],'European Transfers by Country'!B10) -> 7208066.5 | G10: =-SUMIFS(Table1[Total club-to-club compensation],Table1[Season],'European Transfers by Country'!$G$3,Table1[Transfers outgoing (T.O.)],'European Transfers by Country'!B10) -> -30960204 | H10: =SUM(F10:G10) -> -23752138 | I10: =SUMIFS(Table1[Number of transfers],Table1[Season],'European Transfers by Country'!$I$3,Table1[Transfers incoming (T.I.)],'European Transfers by Country'!B10) -> 362 | J10: =-SUMIFS(Table1[Number of transfers],Table1[Season],'European Transfers by Country'!$J$3,Table1[Transfers outgoing (T.O.)],'European Transfers by Country'!B10) -> -158 | K10: =SUM(I10:J10) -> 204 | L10: =SUMIFS(Table1[Total club-to-club compensation],Table1[Season],'European Transfers by Country'!$L$3,Table1[Transfers incoming (T.I.)],'European Transfers by Country'!B10) -> 10813449 | M10: =-SUMIFS(Table1[Total club-to-club compensation],Table1[Season],'European Transfers by Country'!$M$3,Table1[Transfers outgoing (T.O.)],'European Transfers by Country'!B10) -> -12667695 | N10: =SUM(L10:M10) -> -1854246
B11: Croatia | C11: =SUMIFS(Table1[Number of transfers],Table1[Season],'European Transfers by Country'!$C$3,Table1[Transfers incoming (T.I.)],'European Transfers by Country'!B11) -> 142 | D11: =-SUMIFS(Table1[Number of transfers],Table1[Season],'European Transfers by Country'!$D$3,Table1[Transfers outgoing (T.O.)],'European Transfers by Country'!B11) -> -196 | E11: =SUM(C11:D11) -> -54 | F11: =SUMIFS(Table1[Total club-to-club compensation],Table1[Season],'European Transfers by Country'!$F$3,Table1[Transfers incoming (T.I.)],'European Transfers by Country'!B11) -> 14439723 | G11: =-SUMIFS(Table1[Total club-to-club compensation],Table1[Season],'European Transfers by Country'!$G$3,Table1[Transfers outgoing (T.O.)],'European Transfers by Country'!B11) -> -16818540 | H11: =SUM(F11:G11) -> -2378816.7 | I11: =SUMIFS(Table1[Number of transfers],Table1[Season],'European Transfers by Country'!$I$3,Table1[Transfers incoming (T.I.)],'European Transfers by Country'!B11) -> 136 | J11: =-SUMIFS(Table1[Number of transfers],Table1[Season],'European Transfers by Country'!$J$3,Table1[Transfers outgoing (T.O.)],'European Transfers by Country'!B11) -> -186 | K11: =SUM(I11:J11) -> -50 | L11: =SUMIFS(Table1[Total club-to-club compensation],Table1[Season],'European Transfers by Country'!$L$3,Table1[Transfers incoming (T.I.)],'European Transfers by Country'!B11) -> 10553372 | M11: =-SUMIFS(Table1[Total club-to-club compensation],Table1[Season],'European Transfers by Country'!$M$3,Table1[Transfers outgoing (T.O.)],'European Transfers by Country'!B11) -> -1.3628603e+08 | N11: =SUM(L11:M11) -> -1.2573265e+08
B12: Czech Republic | C12: =SUMIFS(Table1[Number of transfers],Table1[Season],'European Transfers by Country'!$C$3,Table1[Transfers incoming (T.I.)],'European Transfers by Country'!B12) -> 176 | D12: =-SUMIFS(Table1[Number of transfers],Table1[Season],'European Transfers by Country'!$D$3,Table1[Transfers outgoing (T.O.)],'European Transfers by Country'!B12) -> -228 | E12: =SUM(C12:D12) -> -52 | F12: =SUMIFS(Table1[Total club-to-club compensation],Table1[Season],'European Transfers by Country'!$F$3,Table1[Transfers incoming (T.I.)],'European Transfers by Country'!B12) -> 5444857.2 | G12: =-SUMIFS(Table1[Total club-to-club compensation],Table1[Season],'European Transfers by Country'!$G$3,Table1[Transfers outgoing (T.O.)],'European Transfers by Country'!B12) -> -75578853 | H12: =SUM(F12:G12) -> -70133996 | I12: =SUMIFS(Table1[Number of transfers],Table1[Season],'European Transfers by Country'!$I$3,Table1[Transfers incoming (T.I.)],'European Transfers by Country'!B12) -> 228 | J12: =-SUMIFS(Table1[Number of transfers],Table1[Season],'European Transfers by Country'!$J$3,Table1[Transfers outgoing (T.O.)],'European Transfers by Country'!B12) -> -204 | K12: =SUM(I12:J12) -> 24 | L12: =SUMIFS(Table1[Total club-to-club compensation],Table1[Season],'European Transfers by Country'!$L$3,Table1[Transfers incoming (T.I.)],'European Transfers by Country'!B12) -> 10862004 | M12: =-SUMIFS(Table1[Total club-to-club compensation],Table1[Season],'European Transfers by Country'!$M$3,Table1[Transfers outgoing (T.O.)],'European Transfers by Country'!B12) -> -21406571 | N12: =SUM(L12:M12) -> -10544567
B13: Denmark | C13: =SUMIFS(Table1[Number of transfers],Table1[Season],'European Transfers by Country'!$C$3,Table1[Transfers incoming (T.I.)],'European Transfers by Country'!B13) -> 146 | D13: =-SUMIFS(Table1[Number of transfers],Table1[Season],'European Transfers by Country'!$D$3,Table1[Transfers outgoing (T.O.)],'European Transfers by Country'!B13) -> -180 | E13: =SUM(C13:D13) -> -34 | F13: =SUMIFS(Table1[Total club-to-club compensation],Table1[Season],'European Transfers by Country'!$F$3,Table1[Transfers incoming (T.I.)],'European Transfers by Country'!B13) -> 29242798 | G13: =-SUMIFS(Table1[Total club-to-club compensation],Table1[Season],'European Transfers by Country'!$G$3,Table1[Transfers outgoing (T.O.)],'European Transfers by Country'!B13) -> -37153417 | H13: =SUM(F13:G13) -> -7910619 | I13: =SUMIFS(Table1[Number of transfers],Table1[Season],'European Transfers by Country'!$I$3,Table1[Transfers incoming (T.I.)],'European Transfers by Country'!B13) -> 180 | J13: =-SUMIFS(Table1[Number of transfers],Table1[Season],'European Transfers by Country'!$J$3,Table1[Transfers outgoing (T.O.)],'European Transfers by Country'!B13) -> -202 | K13: =SUM(I13:J13) -> -22 | L13: =SUMIFS(Table1[Total club-to-club compensation],Table1[Season],'European Transfers by Country'!$L$3,Table1[Transfers incoming (T.I.)],'European Transfers by Country'!B13) -> 14294019 | M13: =-SUMIFS(Table1[Total club-to-club compensation],Table1[Season],'European Transfers by Country'!$M$3,Table1[Transfers outgoing (T.O.)],'European Transfers by Country'!B13) -> -1.1404246e+08 | N13: =SUM(L13:M13) -> -99748442
B14: England | C14: =SUMIFS(Table1[Number of transfers],Table1[Season],'European Transfers by Country'!$C$3,Table1[Transfers incoming (T.I.)],'European Transfers by Country'!B14) -> 950 | D14: =-SUMIFS(Table1[Number of transfers],Table1[Season],'European Transfers by Country'!$D$3,Table1[Transfers outgoing (T.O.)],'European Transfers by Country'!B14) -> -856 | E14: =SUM(C14:D14) -> 94 | F14: =SUMIFS(Table1[Total club-to-club compensation],Table1[Season],'European Transfers by Country'!$F$3,Table1[Transfers incoming (T.I.)],'European Transfers by Country'!B14) -> 1.1531218e+09 | G14: =-SUMIFS(Table1[Total club-to-club compensation],Table1[Season],'European Transfers by Country'!$G$3,Table1[Transfers outgoing (T.O.)],'European Transfers by Country'!B14) -> -7.2905294e+08 | H14: =SUM(F14:G14) -> 4.240689e+08 | I14: =SUMIFS(Table1[Number of transfers],Table1[Season],'European Transfers by Country'!$I$3,Table1[Transfers incoming (T.I.)],'European Transfers by Country'!B14) -> 1020 | J14: =-SUMIFS(Table1[Number of transfers],Table1[Season],'European Transfers by Country'!$J$3,Table1[Transfers outgoing (T.O.)],'European Transfers by Country'!B14) -> -854 | K14: =SUM(I14:J14) -> 166 | L14: =SUMIFS(Table1[Total club-to-club compensation],Table1[Season],'European Transfers by Country'!$L$3,Table1[Transfers incoming (T.I.)],'European Transfers by Country'!B14) -> 2.1699085e+09 | M14: =-SUMIFS(Table1[Total club-to-club compensation],Table1[Season],'European Transfers by Country'!$M$3,Table1[Transfers outgoing (T.O.)],'European Transfers by Country'!B14) -> -6.4369591e+08 | N14: =SUM(L14:M14) -> 1.5262125e+09
B15: Estonia | C15: =SUMIFS(Table1[Number of transfers],Table1[Season],'European Transfers by Country'!$C$3,Table1[Transfers incoming (T.I.)],'European Transfers by Country'!B15) -> 88 | D15: =-SUMIFS(Table1[Number of transfers],Table1[Season],'European Transfers by Country'!$D$3,Table1[Transfers outgoing (T.O.)],'European Transfers by Country'!B15) -> -50 | E15: =SUM(C15:D15) -> 38 | F15: =SUMIFS(Table1[Total club-to-club compensation],Table1[Season],'European Transfers by Country'!$F$3,Table1[Transfers incoming (T.I.)],'European Transfers by Country'!B15) -> 161433.24 | G15: =-SUMIFS(Table1[Total club-to-club compensation],Table1[Season],'European Transfers by Country'!$G$3,Table1[Transfers outgoing (T.O.)],'European Transfers by Country'!B15) -> -10129936 | H15: =SUM(F15:G15) -> -9968502.4 | I15: =SUMIFS(Table1[Number of transfers],Table1[Season],'European Transfers by Country'!$I$3,Table1[Transfers incoming (T.I.)],'European Transfers by Country'!B15) -> 106 | J15: =-SUMIFS(Table1[Number of transfers],Table1[Season],'European Transfers by Country'!$J$3,Table1[Transfers outgoing (T.O.)],'European Transfers by Country'!B15) -> -30 | K15: =SUM(I15:J15) -> 76 | L15: =SUMIFS(Table1[Total club-to-club compensation],Table1[Season],'European Transfers by Country'!$L$3,Table1[Transfers incoming (T.I.)],'European Transfers by Country'!B15) -> 80.716619 | M15: =-SUMIFS(Table1[Total club-to-club compensation],Table1[Season],'European Transfers by Country'!$M$3,Table1[Transfers outgoing (T.O.)],'European Transfers by Country'!B15) -> -524658.02 | N15: =SUM(L15:M15) -> -524577.31
B16: Faroe Islands | C16: =SUMIFS(Table1[Number of transfers],Table1[Season],'European Transfers by Country'!$C$3,Table1[Transfers incoming (T.I.)],'European Transfers by Country'!B16) -> 56 | D16: =-SUMIFS(Table1[Number of transfers],Table1[Season],'European Transfers by Country'!$D$3,Table1[Transfers outgoing (T.O.)],'European Transfers by Country'!B16) -> -14 | E16: =SUM(C16:D16) -> 42 | F16: =SUMIFS(Table1[Total club-to-club compensation],Table1[Season],'European Transfers by Country'!$F$3,Table1[Transfers incoming (T.I.)],'European Transfers by Country'!B16) -> 10818.136 | G16: =-SUMIFS(Table1[Total club-to-club compensation],Table1[Season],'European Transfers by Country'!$G$3,Table1[Transfers outgoing (T.O.)],'European Transfers by Country'!B16) -> -20179.155 | H16: =SUM(F16:G16) -> -9361.019 | I16: =SUMIFS(Table1[Number of transfers],Table1[Season],'European Transfers by Country'!$I$3,Table1[Transfers incoming (T.I.)],'European Transfers by Country'!B16) -> 40 | J16: =-SUMIFS(Table1[Number of transfers],Table1[Season],'European Transfers by Country'!$J$3,Table1[Transfers outgoing (T.O.)],'European Transfers by Country'!B16) -> -12 | K16: =SUM(I16:J16) -> 28 | L16: =SUMIFS(Table1[Total club-to-club compensation],Table1[Season],'European Transfers by Country'!$L$3,Table1[Transfers incoming (T.I.)],'European Transfers by Country'!B16) -> 0 | M16: =-SUMIFS(Table1[Total club-to-club compensation],Table1[Season],'European Transfers by Country'!$M$3,Table1[Transfers outgoing (T.O.)],'European Transfers by Country'!B16) -> -194726.44 | N16: =SUM(L16:M16) -> -194726.44
... B48: Wales | C48: =SUMIFS(Table1[Number of transfers],Table1[Season],'European Transfers by Country'!$C$3,Table1[Transfers incoming (T.I.)],'European Transfers by Country'!B48) -> 168 | D48: =-SUMIFS(Table1[Number of transfers],Table1[Season],'European Transfers by Country'!$D$3,Table1[Transfers outgoing (T.O.)],'European Transfers by Country'!B48) -> -142 | E48: =SUM(C48:D48) -> 26 | F48: =SUMIFS(Table1[Total club-to-club compensation],Table1[Season],'European Transfers by Country'!$F$3,Table1[Transfers incoming (T.I.)],'European Transfers by Country'!B48) -> 71870947 | G48: =-SUMIFS(Table1[Total club-to-club compensation],Table1[Season],'European Transfers by Country'!$G$3,Table1[Transfers outgoing (T.O.)],'European Transfers by Country'!B48) -> -10598112 | H48: =SUM(F48:G48) -> 61272836 | I48: =SUMIFS(Table1[Number of transfers],Table1[Season],'European Transfers by Country'!$I$3,Table1[Transfers incoming (T.I.)],'European Transfers by Country'!B48) -> 188 | J48: =-SUMIFS(Table1[Number of transfers],Table1[Season],'European Transfers by Country'!$J$3,Table1[Transfers outgoing (T.O.)],'European Transfers by Country'!B48) -> -166 | K48: =SUM(I48:J48) -> 22 | L48: =SUMIFS(Table1[Total club-to-club compensation],Table1[Season],'European Transfers by Country'!$L$3,Table1[Transfers incoming (T.I.)],'European Transfers by Country'!B48) -> 1.527866e+08 | M48: =-SUMIFS(Table1[Total club-to-club compensation],Table1[Season],'European Transfers by Country'!$M$3,Table1[Transfers outgoing (T.O.)],'European Transfers by Country'!B48) -> -1.3388502e+08 | N48: =SUM(L48:M48) -> 18901576
B49: TOTAL | C49: =SUM(C5:C48) -> 10744 | D49: =SUM(D5:D48) -> -9034 | E49: =SUM(E5:E48) -> 1710 | F49: =SUM(F5:F48) -> 5.6988721e+09 | G49: =SUM(G5:G48) -> -5.5295051e+09 | H49: =SUM(H5:H48) -> 1.6936701e+08 | I49: =SUM(I5:I48) -> 11148 | J49: =SUM(J5:J48) -> -9358 | ... N49: =SUM(N5:N48) -> 88535314

Sheet Top 5 Countires Visualization
B2: Visualization Top 5 Countries
C3: # of incoming transfers | D3: average transfer fee
B4: England | C4: =SUMIF('European Transfers by Country'!$B$5:$B$48,'Top 5 Countires Visualization'!B4,'European Transfers by Country'!$I$5:$I$48) -> 1020 | D4: =SUMIF('European Transfers by Country'!$B$5:$B$48,'Top 5 Countires Visualization'!B4,'European Transfers by Country'!$L$5:$L$48)/SUMIF('European Transfers by Country'!$B$5:$B$48,'Top 5 Countires Visualization'!B4,'European Transfers by Country'!$I$5:$I$48) -> 2127361.2
B5: Spain | C5: =SUMIF('European Transfers by Country'!$B$5:$B$48,'Top 5 Countires Visualization'!B5,'European Transfers by Country'!$I$5:$I$48) -> 476 | D5: =SUMIF('European Transfers by Country'!$B$5:$B$48,'Top 5 Countires Visualization'!B5,'European Transfers by Country'!$L$5:$L$48)/SUMIF('European Transfers by Country'!$B$5:$B$48,'Top 5 Countires Visualization'!B5,'European Transfers by Country'!$I$5:$I$48) -> 1231500.2
B6: France | C6: =SUMIF('European Transfers by Country'!$B$5:$B$48,'Top 5 Countires Visualization'!B6,'European Transfers by Country'!$I$5:$I$48) -> 438 | D6: =SUMIF('European Transfers by Country'!$B$5:$B$48,'Top 5 Countires Visualization'!B6,'European Transfers by Country'!$L$5:$L$48)/SUMIF('European Transfers by Country'!$B$5:$B$48,'Top 5 Countires Visualization'!B6,'European Transfers by Country'!$I$5:$I$48) -> 1753915
B7: Germany | C7: =SUMIF('European Transfers by Country'!$B$5:$B$48,'Top 5 Countires Visualization'!B7,'European Transfers by Country'!$I$5:$I$48) -> 664 | D7: =SUMIF('European Transfers by Country'!$B$5:$B$48,'Top 5 Countires Visualization'!B7,'European Transfers by Country'!$L$5:$L$48)/SUMIF('European Transfers by Country'!$B$5:$B$48,'Top 5 Countires Visualization'!B7,'European Transfers by Country'!$I$5:$I$48) -> 969930.79
B8: Italy | C8: =SUMIF('European Transfers by Country'!$B$5:$B$48,'Top 5 Countires Visualization'!B8,'European Transfers by Country'!$I$5:$I$48) -> 542 | D8: =SUMIF('European Transfers by Country'!$B$5:$B$48,'Top 5 Countires Visualization'!B8,'European Transfers by Country'!$L$5:$L$48)/SUMIF('European Transfers by Country'!$B$5:$B$48,'Top 5 Countires Visualization'!B8,'European Transfers by Country'!$I$5:$I$48) -> 1670692.2
